ID,pred
2021_1101_1104,0.1084656498763763
2021_1101_1111,0.8323518124277897
2021_1101_1116,0.06540641006429149
2021_1101_1124,0.06864002925071921
2021_1101_1140,0.07275130767937787
2021_1101_1155,0.12987604619508586
2021_1101_1156,0.1416973496782329
2021_1101_1159,0.07947736624510518
2021_1101_1160,0.13572172199351096
2021_1101_1163,0.09769462035058518
2021_1101_1166,0.12123635953259593
2021_1101_1179,0.09764094475972596
2021_1101_1180,0.14557114467682553
2021_1101_1186,0.6802256803313862
2021_1101_1196,0.12783104190743022
2021_1101_1199,0.08163324659620641
2021_1101_1207,0.23799839772603637
2021_1101_1210,0.10999840971629726
2021_1101_1211,0.03718684239606962
2021_1101_1213,0.6302574234638864
2021_1101_1216,0.777639573867103
2021_1101_1222,0.07000064613910739
2021_1101_1228,0.0392608065990564
2021_1101_1233,0.13448941132805428
2021_1101_1234,0.08764683181303323
2021_1101_1242,0.12775557159202067
2021_1101_1251,0.754860475702185
2021_1101_1260,0.11116023833326094
2021_1101_1261,0.11859978046122543
2021_1101_1268,0.1457801181385876
2021_1101_1276,0.06539332854221347
2021_1101_1277,0.1364122669802098
2021_1101_1281,0.15614055139303362
2021_1101_1287,0.16681745313115068
2021_1101_1291,0.9069239076166062
2021_1101_1313,0.8729021411807043
2021_1101_1314,0.08565826585509007
2021_1101_1317,0.6782181957616702
2021_1101_1325,0.36371492371280945
2021_1101_1326,0.10140910582922369
2021_1101_1328,0.2395267279050476
2021_1101_1329,0.12755049026016485
2021_1101_1331,0.7160119397376057
2021_1101_1332,0.09929599486687446
2021_1101_1333,0.16937655007021313
2021_1101_1345,0.1151801031591233
2021_1101_1353,0.08618677890591508
2021_1101_1361,0.12916290760982108
2021_1101_1364,0.2931821433485383
2021_1101_1382,0.10047739029931879
2021_1101_1393,0.13198812743298383
2021_1101_1397,0.16156034522915774
2021_1101_1400,0.1419713962988749
2021_1101_1403,0.23109240328728764
2021_1101_1411,0.09154665238617442
2021_1101_1417,0.11748189324442637
2021_1101_1422,0.794724336475539
2021_1101_1425,0.07548099565774014
2021_1101_1429,0.20318745460711285
2021_1101_1433,0.19167484148798708
2021_1101_1437,0.10733993632451011
2021_1101_1438,0.06839533328716396
2021_1101_1439,0.11561209717258425
2021_1101_1452,0.18821288050089202
2021_1101_1455,0.11536145557716337
2021_1101_1457,0.7243151454923354
2021_1101_1458,0.06805657644384322
2021_1104_1111,0.9363457376219515
2021_1104_1116,0.535619142526447
2021_1104_1124,0.49217434548691474
2021_1104_1140,0.5467918023520429
2021_1104_1155,0.7218708445647652
2021_1104_1156,0.8971974566505516
2021_1104_1159,0.882257908525721
2021_1104_1160,0.7912049900497979
2021_1104_1163,0.6814458409057542
2021_1104_1166,0.8316333128114933
2021_1104_1179,0.7561993928572526
2021_1104_1180,0.8712668386425851
2021_1104_1186,0.9119658825742658
2021_1104_1196,0.7481419014672573
2021_1104_1199,0.5575452500895206
2021_1104_1207,0.8786305582390828
2021_1104_1210,0.7735832877862682
2021_1104_1211,0.3568943705782709
2021_1104_1213,0.8852024426091977
2021_1104_1216,0.9336007984419399
2021_1104_1222,0.4716684196881464
2021_1104_1228,0.45054046454818075
2021_1104_1233,0.8795019258621095
2021_1104_1234,0.6614893105396054
2021_1104_1242,0.7153682883954793
2021_1104_1251,0.8991979903141452
2021_1104_1260,0.660934840420853
2021_1104_1261,0.7872691081466955
2021_1104_1268,0.8454110818863956
2021_1104_1276,0.5283315803118536
2021_1104_1277,0.8285009367312024
2021_1104_1281,0.8637403899591389
2021_1104_1287,0.8831066932051086
2021_1104_1291,0.9503161496141853
2021_1104_1313,0.9448481986639597
2021_1104_1314,0.7083043166739527
2021_1104_1317,0.8810423664639686
2021_1104_1325,0.8778825966746324
2021_1104_1326,0.6030181528881999
2021_1104_1328,0.8782125530425112
2021_1104_1329,0.893675861798114
2021_1104_1331,0.9250233723788328
2021_1104_1332,0.6224161070481307
2021_1104_1333,0.8691091047707109
2021_1104_1345,0.6689802851294903
2021_1104_1353,0.7132940107120437
2021_1104_1361,0.6427206129010061
2021_1104_1364,0.8725475514732748
2021_1104_1382,0.7273394229832426
2021_1104_1393,0.838378366255233
2021_1104_1397,0.7792724512912469
2021_1104_1400,0.717467205769443
2021_1104_1403,0.7771814671353392
2021_1104_1411,0.898693985020907
2021_1104_1417,0.7356520311333473
2021_1104_1422,0.9055369273183221
2021_1104_1425,0.5981440917136596
2021_1104_1429,0.8665526339150622
2021_1104_1433,0.7817524334769818
2021_1104_1437,0.5959063988553387
2021_1104_1438,0.5272295393005052
2021_1104_1439,0.7800581052593705
2021_1104_1452,0.774369946788998
2021_1104_1455,0.7573688928166047
2021_1104_1457,0.8917196404750275
2021_1104_1458,0.6104816504371542
2021_1111_1116,0.045979620461772064
2021_1111_1124,0.039881348437565745
2021_1111_1140,0.05041794656929832
2021_1111_1155,0.07820112018934622
2021_1111_1156,0.14535245665531327
2021_1111_1159,0.11294687955610094
2021_1111_1160,0.10015232373396932
2021_1111_1163,0.051919342208162744
2021_1111_1166,0.06944205859065411
2021_1111_1179,0.05875857039111665
2021_1111_1180,0.026313265175200953
2021_1111_1186,0.2882906308075749
2021_1111_1196,0.06384741672675531
2021_1111_1199,0.053377473945155685
2021_1111_1207,0.10066088208046664
2021_1111_1210,0.06207058102605134
2021_1111_1211,0.02130491134182244
2021_1111_1213,0.25033218199671037
2021_1111_1216,0.14545502037841626
2021_1111_1222,0.038316388841318605
2021_1111_1228,0.02251382921355216
2021_1111_1233,0.02205440912501333
2021_1111_1234,0.0407551388100682
2021_1111_1242,0.05549838057547285
2021_1111_1251,0.15768441077807738
2021_1111_1260,0.023418350037949565
2021_1111_1261,0.06606065190456922
2021_1111_1268,0.07626685859058357
2021_1111_1276,0.028855303420525225
2021_1111_1277,0.07004365309485683
2021_1111_1281,0.08315421117112187
2021_1111_1287,0.16547762554336565
2021_1111_1291,0.6233284257704663
2021_1111_1313,0.3417895969025065
2021_1111_1314,0.046208283753301105
2021_1111_1317,0.12028082359519154
2021_1111_1325,0.07251148828378862
2021_1111_1326,0.03380874378027654
2021_1111_1328,0.09142540288670098
2021_1111_1329,0.04909444641555649
2021_1111_1331,0.3152267843896416
2021_1111_1332,0.056815200162184
2021_1111_1333,0.07869942033844068
2021_1111_1345,0.06382792069984133
2021_1111_1353,0.05078452796742838
2021_1111_1361,0.027462782731197066
2021_1111_1364,0.05553479381556592
2021_1111_1382,0.021299121796211518
2021_1111_1393,0.022104076457334698
2021_1111_1397,0.07999786359807537
2021_1111_1400,0.06561969423887737
2021_1111_1403,0.027795577504865054
2021_1111_1411,0.027111566668267327
2021_1111_1417,0.05636133719851022
2021_1111_1422,0.12352947539052439
2021_1111_1425,0.047933677952553655
2021_1111_1429,0.0804935946826344
2021_1111_1433,0.03400821168395263
2021_1111_1437,0.05422768785672272
2021_1111_1438,0.019158263111108798
2021_1111_1439,0.067415588428964
2021_1111_1452,0.09243541976857284
2021_1111_1455,0.04998014476607893
2021_1111_1457,0.12658448238019815
2021_1111_1458,0.041379548459746784
2021_1116_1124,0.23653130929327026
2021_1116_1140,0.4682613496588389
2021_1116_1155,0.7398604376771492
2021_1116_1156,0.9252875769231479
2021_1116_1159,0.8781475174995553
2021_1116_1160,0.7843995785986295
2021_1116_1163,0.6425759169115773
2021_1116_1166,0.8287919102418961
2021_1116_1179,0.6901897222339213
2021_1116_1180,0.8763229284435177
2021_1116_1186,0.9456451826583705
2021_1116_1196,0.7172713027640442
2021_1116_1199,0.510439290463827
2021_1116_1207,0.9140578915549468
2021_1116_1210,0.7656032511283598
2021_1116_1211,0.13546263620904686
2021_1116_1213,0.9439873850717456
2021_1116_1216,0.9568731002893743
2021_1116_1222,0.3640082087879758
2021_1116_1228,0.18364808799745014
2021_1116_1233,0.8863082674295941
2021_1116_1234,0.33065310707025575
2021_1116_1242,0.6329100368262259
2021_1116_1251,0.9319557229382298
2021_1116_1260,0.4093898692568855
2021_1116_1261,0.7932521551041516
2021_1116_1268,0.8911962459157872
2021_1116_1276,0.2588669186729061
2021_1116_1277,0.7572970168713052
2021_1116_1281,0.897456290319543
2021_1116_1287,0.9047476465666436
2021_1116_1291,0.9669750781018925
2021_1116_1313,0.9648149310578621
2021_1116_1314,0.6004123206459702
2021_1116_1317,0.9216129451256854
2021_1116_1325,0.8709406590921266
2021_1116_1326,0.4099104003148334
2021_1116_1328,0.9230438079948653
2021_1116_1329,0.8630594743801697
2021_1116_1331,0.9497811367143978
2021_1116_1332,0.5907899532897906
2021_1116_1333,0.9086769819175863
2021_1116_1345,0.6353769029855841
2021_1116_1353,0.7413574463146152
2021_1116_1361,0.4202199645542445
2021_1116_1364,0.8021425660056324
2021_1116_1382,0.4550049045062044
2021_1116_1393,0.6205191561506214
2021_1116_1397,0.7503848292066533
2021_1116_1400,0.7198303979583436
2021_1116_1403,0.6797871177977695
2021_1116_1411,0.9045480332144579
2021_1116_1417,0.7239347972209244
2021_1116_1422,0.9247072492732681
2021_1116_1425,0.5259464773249443
2021_1116_1429,0.8958296102093043
2021_1116_1433,0.7082959873123702
2021_1116_1437,0.5458869605415548
2021_1116_1438,0.28420595632536727
2021_1116_1439,0.783455645132416
2021_1116_1452,0.78230971614442
2021_1116_1455,0.7857592898697944
2021_1116_1457,0.9172769150347251
2021_1116_1458,0.509444289526938
2021_1124_1140,0.7647059228497954
2021_1124_1155,0.6875318141829531
2021_1124_1156,0.9438916008089931
2021_1124_1159,0.9194429232238093
2021_1124_1160,0.762611182093722
2021_1124_1163,0.8712560255984165
2021_1124_1166,0.8072270880932837
2021_1124_1179,0.8756736993778939
2021_1124_1180,0.9279448949719943
2021_1124_1186,0.9379995706659658
2021_1124_1196,0.8558627916093309
2021_1124_1199,0.7365605726966477
2021_1124_1207,0.8712299723208033
2021_1124_1210,0.8170759044623152
2021_1124_1211,0.4382360429327626
2021_1124_1213,0.9374371771332829
2021_1124_1216,0.955171969587337
2021_1124_1222,0.6782429935952123
2021_1124_1228,0.7870589228112972
2021_1124_1233,0.932720978762874
2021_1124_1234,0.6536632101462961
2021_1124_1242,0.8172706579787522
2021_1124_1251,0.9301327190174301
2021_1124_1260,0.8520540037360155
2021_1124_1261,0.7583009506418115
2021_1124_1268,0.8225759728622527
2021_1124_1276,0.5451894869650844
2021_1124_1277,0.8037477988645505
2021_1124_1281,0.8455971065842232
2021_1124_1287,0.9342977055288048
2021_1124_1291,0.957191515467387
2021_1124_1313,0.9544013704587331
2021_1124_1314,0.8763494160197359
2021_1124_1317,0.9290822796845107
2021_1124_1325,0.921187512185975
2021_1124_1326,0.7479532816889428
2021_1124_1328,0.8707902272082155
2021_1124_1329,0.8870747659395708
2021_1124_1331,0.9506362729196091
2021_1124_1332,0.8496388296081291
2021_1124_1333,0.8957727275826183
2021_1124_1345,0.631445132028078
2021_1124_1353,0.8236842679655199
2021_1124_1361,0.8344320499478297
2021_1124_1364,0.9145167188232189
2021_1124_1382,0.86879211845472
2021_1124_1393,0.9066304125277871
2021_1124_1397,0.7495617654243749
2021_1124_1400,0.7976567638772188
2021_1124_1403,0.8824861386501542
2021_1124_1411,0.9439348082643582
2021_1124_1417,0.879203179413133
2021_1124_1422,0.9438409935090866
2021_1124_1425,0.8003809209458583
2021_1124_1429,0.8774141251350532
2021_1124_1433,0.8819521054013373
2021_1124_1437,0.7761263574872752
2021_1124_1438,0.7652613556974502
2021_1124_1439,0.8270212073169689
2021_1124_1452,0.816998453052013
2021_1124_1455,0.8915623465193275
2021_1124_1457,0.9312660883515833
2021_1124_1458,0.8337571122330995
2021_1140_1155,0.6942689818137424
2021_1140_1156,0.9124666637940907
2021_1140_1159,0.8674407536742922
2021_1140_1160,0.5283315803118536
2021_1140_1163,0.6201243520078754
2021_1140_1166,0.5283315803118536
2021_1140_1179,0.6691892624039113
2021_1140_1180,0.8654804029654234
2021_1140_1186,0.9388928832774563
2021_1140_1196,0.69730146713047
2021_1140_1199,0.6440029674997538
2021_1140_1207,0.9216676598004685
2021_1140_1210,0.7435714542390942
2021_1140_1211,0.13513372758995312
2021_1140_1213,0.9352712004220111
2021_1140_1216,0.951230807903139
2021_1140_1222,0.2907248351593542
2021_1140_1228,0.18262130698636347
2021_1140_1233,0.876217485524961
2021_1140_1234,0.3291357935290995
2021_1140_1242,0.5283315803118536
2021_1140_1251,0.924338583778237
2021_1140_1260,0.3862805198685712
2021_1140_1261,0.7541258144018957
2021_1140_1268,0.8654780251629423
2021_1140_1276,0.25755226746687776
2021_1140_1277,0.7395893684866184
2021_1140_1281,0.8730069185518109
2021_1140_1287,0.8961016115042084
2021_1140_1291,0.9621316744476939
2021_1140_1313,0.9575123543111332
2021_1140_1314,0.5770555016978852
2021_1140_1317,0.9143528520109484
2021_1140_1325,0.8597018237055554
2021_1140_1326,0.40825121683205234
2021_1140_1328,0.9040429322072738
2021_1140_1329,0.5283315803118536
2021_1140_1331,0.9436981686916593
2021_1140_1332,0.5672760485576569
2021_1140_1333,0.9167197943828623
2021_1140_1345,0.5028978632148791
2021_1140_1353,0.692444276976608
2021_1140_1361,0.3969101164174496
2021_1140_1364,0.7863820659706815
2021_1140_1382,0.4312005754484703
2021_1140_1393,0.5974049934553862
2021_1140_1397,0.5283315803118536
2021_1140_1400,0.5283315803118536
2021_1140_1403,0.6584304864898133
2021_1140_1411,0.8958859643239829
2021_1140_1417,0.7042415500148501
2021_1140_1422,0.9163515178647705
2021_1140_1425,0.5018483180538438
2021_1140_1429,0.8719679456010362
2021_1140_1433,0.6879679872842333
2021_1140_1437,0.4560367307147115
2021_1140_1438,0.7075029132941921
2021_1140_1439,0.7404916606004294
2021_1140_1452,0.5283315803118536
2021_1140_1455,0.7423245885349464
2021_1140_1457,0.9096545936131788
2021_1140_1458,0.4853281474041585
2021_1155_1156,0.8767241098295161
2021_1155_1159,0.8594481655058437
2021_1155_1160,0.4937747522408067
2021_1155_1163,0.5799581450025441
2021_1155_1166,0.5283315803118536
2021_1155_1179,0.652988568835251
2021_1155_1180,0.8213885551238905
2021_1155_1186,0.9085394194137628
2021_1155_1196,0.6673604277906031
2021_1155_1199,0.30409121158790653
2021_1155_1207,0.850114953635959
2021_1155_1210,0.6844439184735853
2021_1155_1211,0.23416945899495878
2021_1155_1213,0.8988638204092969
2021_1155_1216,0.9184812548244378
2021_1155_1222,0.15380202441395907
2021_1155_1228,0.3111959637061985
2021_1155_1233,0.8468554289652533
2021_1155_1234,0.4512988255708028
2021_1155_1242,0.5283315803118536
2021_1155_1251,0.8790693534532065
2021_1155_1260,0.5571590969985023
2021_1155_1261,0.7014382924252713
2021_1155_1268,0.7763754418649377
2021_1155_1276,0.4030877187624229
2021_1155_1277,0.7541100572166647
2021_1155_1281,0.8039625449974785
2021_1155_1287,0.8574517660862727
2021_1155_1291,0.9387531060950267
2021_1155_1313,0.9321035058815466
2021_1155_1314,0.6104823139612073
2021_1155_1317,0.8514263278311681
2021_1155_1325,0.8419830627303339
2021_1155_1326,0.5283315803118536
2021_1155_1328,0.8488932914692953
2021_1155_1329,0.5283315803118536
2021_1155_1331,0.9110502406199438
2021_1155_1332,0.5268142414808138
2021_1155_1333,0.8212022781937981
2021_1155_1345,0.3029187238940114
2021_1155_1353,0.6123142493782289
2021_1155_1361,0.879428270454849
2021_1155_1364,0.825458983825331
2021_1155_1382,0.6180814918802148
2021_1155_1393,0.7700137422692563
2021_1155_1397,0.46374218362875197
2021_1155_1400,0.5283315803118536
2021_1155_1403,0.9656207298965706
2021_1155_1411,0.8784783071730602
2021_1155_1417,0.6479648362213466
2021_1155_1422,0.8865143279382082
2021_1155_1425,0.36132632411528653
2021_1155_1429,0.8130723044597098
2021_1155_1433,0.684850963539423
2021_1155_1437,0.26364960946698746
2021_1155_1438,0.39063284968444434
2021_1155_1439,0.6924544225240098
2021_1155_1452,0.5283315803118536
2021_1155_1455,0.6544269132707631
2021_1155_1457,0.8703130635461339
2021_1155_1458,0.5028786094595947
2021_1156_1159,0.5904439543840014
2021_1156_1160,0.12712447085955048
2021_1156_1163,0.1264396740950683
2021_1156_1166,0.1149924827917378
2021_1156_1179,0.12202138677045471
2021_1156_1180,0.10737564915656653
2021_1156_1186,0.9590755489923648
2021_1156_1196,0.15576339988258958
2021_1156_1199,0.09297065044543407
2021_1156_1207,0.2047571216067291
2021_1156_1210,0.1225842137966503
2021_1156_1211,0.03021135784820106
2021_1156_1213,0.7052923380891803
2021_1156_1216,0.813760396362762
2021_1156_1222,0.07588192487913692
2021_1156_1228,0.03190918232661433
2021_1156_1233,0.09886513875263926
2021_1156_1234,0.06955346741504875
2021_1156_1242,0.12122225999983993
2021_1156_1251,0.9033119867171395
2021_1156_1260,0.14323836899094067
2021_1156_1261,0.1291018287811465
2021_1156_1268,0.17774818718046959
2021_1156_1276,0.05163387576246414
2021_1156_1277,0.1643711930821664
2021_1156_1281,0.13781094837749275
2021_1156_1287,0.8378362058616953
2021_1156_1291,0.9203907785839501
2021_1156_1313,0.8909408501464271
2021_1156_1314,0.09302242873807409
2021_1156_1317,0.8361903750408045
2021_1156_1325,0.4405614114403048
2021_1156_1326,0.09109057495620387
2021_1156_1328,0.25381173393677703
2021_1156_1329,0.11640141418380978
2021_1156_1331,0.7797262522594487
2021_1156_1332,0.12656373401187915
2021_1156_1333,0.20886704704832704
2021_1156_1345,0.11900974529059671
2021_1156_1353,0.10295016833305726
2021_1156_1361,0.16546902821009446
2021_1156_1364,0.36168984223633127
2021_1156_1382,0.12992333168913905
2021_1156_1393,0.15360713876107912
2021_1156_1397,0.1445596987652782
2021_1156_1400,0.13246035754770502
2021_1156_1403,0.28682025922570253
2021_1156_1411,0.15032647946947167
2021_1156_1417,0.1287565489699155
2021_1156_1422,0.8542870120061516
2021_1156_1425,0.0975639744858201
2021_1156_1429,0.22396702023708726
2021_1156_1433,0.24069566109091567
2021_1156_1437,0.11697724955913624
2021_1156_1438,0.08937344315482176
2021_1156_1439,0.12897838120696614
2021_1156_1452,0.16686087931609206
2021_1156_1455,0.14844947133003195
2021_1156_1457,0.8275817566143466
2021_1156_1458,0.08759564257873131
2021_1159_1160,0.16825002769067898
2021_1159_1163,0.1873689447653193
2021_1159_1166,0.12974926655765806
2021_1159_1179,0.18727622605580763
2021_1159_1180,0.34005739830688503
2021_1159_1186,0.8366738472679717
2021_1159_1196,0.21697241793396171
2021_1159_1199,0.1591653747972237
2021_1159_1207,0.2921517983873827
2021_1159_1210,0.13872857428122076
2021_1159_1211,0.04858266348780771
2021_1159_1213,0.7903906584344133
2021_1159_1216,0.8521845472284224
2021_1159_1222,0.09109029116121659
2021_1159_1228,0.05487856752109865
2021_1159_1233,0.3197101235575336
2021_1159_1234,0.09589430168851443
2021_1159_1242,0.1366550551511223
2021_1159_1251,0.9469888239941076
2021_1159_1260,0.21031374882766596
2021_1159_1261,0.15171697155799058
2021_1159_1268,0.23163564909574275
2021_1159_1276,0.0842711591009947
2021_1159_1277,0.20920339103580554
2021_1159_1281,0.18275615821308633
2021_1159_1287,0.3771593856969864
2021_1159_1291,0.939182259740363
2021_1159_1313,0.9160498236916002
2021_1159_1314,0.16632087296771714
2021_1159_1317,0.9243990153350227
2021_1159_1325,0.6773000589463826
2021_1159_1326,0.10870200964714893
2021_1159_1328,0.3313245121547522
2021_1159_1329,0.1364379224469332
2021_1159_1331,0.8483880143515043
2021_1159_1332,0.19013049423301887
2021_1159_1333,0.2894670089530954
2021_1159_1345,0.1343818697806708
2021_1159_1353,0.11729734544358539
2021_1159_1361,0.24003794296949743
2021_1159_1364,0.5123302634987488
2021_1159_1382,0.19216204417717797
2021_1159_1393,0.24460715728116755
2021_1159_1397,0.19876145238496512
2021_1159_1400,0.16664871500267653
2021_1159_1403,0.389188407069075
2021_1159_1411,0.3729227597840943
2021_1159_1417,0.2208730117480061
2021_1159_1422,0.9398514081208722
2021_1159_1425,0.14691873886918172
2021_1159_1429,0.3220268413529497
2021_1159_1433,0.33553520067056253
2021_1159_1437,0.13371797202376368
2021_1159_1438,0.13520562601252495
2021_1159_1439,0.15539919560918936
2021_1159_1452,0.21887749428348646
2021_1159_1455,0.21734604673062552
2021_1159_1457,0.927496899004154
2021_1159_1458,0.11315106041793987
2021_1160_1163,0.5211072432590221
2021_1160_1166,0.6425147803309263
2021_1160_1179,0.6306404447050841
2021_1160_1180,0.8084530095714009
2021_1160_1186,0.8978134960259874
2021_1160_1196,0.5173605145973726
2021_1160_1199,0.2546166889099212
2021_1160_1207,0.7792034449503742
2021_1160_1210,0.5743930900721729
2021_1160_1211,0.19322272513201388
2021_1160_1213,0.8934067988212493
2021_1160_1216,0.891649143638231
2021_1160_1222,0.11834579020297487
2021_1160_1228,0.2613773137221965
2021_1160_1233,0.8353946541002765
2021_1160_1234,0.3603448377364624
2021_1160_1242,0.5283315803118536
2021_1160_1251,0.8716851017950858
2021_1160_1260,0.49787947876913236
2021_1160_1261,0.5937968413197512
2021_1160_1268,0.6835631131933368
2021_1160_1276,0.31624996966613583
2021_1160_1277,0.6503962809121578
2021_1160_1281,0.7184476548623118
2021_1160_1287,0.8466403768981124
2021_1160_1291,0.9334505744911552
2021_1160_1313,0.926270491485795
2021_1160_1314,0.5526089725357519
2021_1160_1317,0.8395932899511028
2021_1160_1325,0.8249676998714011
2021_1160_1326,0.465317741983551
2021_1160_1328,0.7775550428778969
2021_1160_1329,0.5283315803118536
2021_1160_1331,0.8957010375423873
2021_1160_1332,0.4716684196881464
2021_1160_1333,0.7407829378306361
2021_1160_1345,0.22936840464175812
2021_1160_1353,0.495644626121587
2021_1160_1361,0.47782629300760654
2021_1160_1364,0.8047654025029636
2021_1160_1382,0.5859603669061278
2021_1160_1393,0.7251725951470359
2021_1160_1397,0.5823853523240768
2021_1160_1400,0.4987201733580775
2021_1160_1403,0.6395406725719944
2021_1160_1411,0.874676662863388
2021_1160_1417,0.5860223229830684
2021_1160_1422,0.8829305778029326
2021_1160_1425,0.4716684196881464
2021_1160_1429,0.730197665925067
2021_1160_1433,0.6660473308221339
2021_1160_1437,0.4716684196881464
2021_1160_1438,0.33044083074101727
2021_1160_1439,0.583497243660012
2021_1160_1452,0.49929927263049856
2021_1160_1455,0.6347760721751372
2021_1160_1457,0.8626588547488291
2021_1160_1458,0.4716684196881464
2021_1163_1166,0.3761539559353537
2021_1163_1179,0.5727794957611161
2021_1163_1180,0.8100376562971264
2021_1163_1186,0.9236352723821367
2021_1163_1196,0.604239282522315
2021_1163_1199,0.43143230008357114
2021_1163_1207,0.8996585446988937
2021_1163_1210,0.6577525646675013
2021_1163_1211,0.09936388986773315
2021_1163_1213,0.9192489254082894
2021_1163_1216,0.9419518319886038
2021_1163_1222,0.1667088013714555
2021_1163_1228,0.11461820539303835
2021_1163_1233,0.8243016957595274
2021_1163_1234,0.17629982622572915
2021_1163_1242,0.35794235640712646
2021_1163_1251,0.8987114265425704
2021_1163_1260,0.3651573858798092
2021_1163_1261,0.6735397873362989
2021_1163_1268,0.8103950721614118
2021_1163_1276,0.13421359585493642
2021_1163_1277,0.6525146876869886
2021_1163_1281,0.8095920765046173
2021_1163_1287,0.8511083344232301
2021_1163_1291,0.9636428814087153
2021_1163_1313,0.9543487873791575
2021_1163_1314,0.47486558458454503
2021_1163_1317,0.876171104337328
2021_1163_1325,0.8024211196036697
2021_1163_1326,0.22779288344017568
2021_1163_1328,0.8508571980117485
2021_1163_1329,0.3569097008706652
2021_1163_1331,0.9300241735477011
2021_1163_1332,0.4649142779606818
2021_1163_1333,0.883980386568516
2021_1163_1345,0.3831511505556524
2021_1163_1353,0.6065023809838188
2021_1163_1361,0.619277837207538
2021_1163_1364,0.7092890658622254
2021_1163_1382,0.38381779595155197
2021_1163_1393,0.4959867053459177
2021_1163_1397,0.5283315803118536
2021_1163_1400,0.42721288776266697
2021_1163_1403,0.9180170921353228
2021_1163_1411,0.8508148482211151
2021_1163_1417,0.6121261825746598
2021_1163_1422,0.8883458554666387
2021_1163_1425,0.4084120639559403
2021_1163_1429,0.8221993722382946
2021_1163_1433,0.5937082532746845
2021_1163_1437,0.35511583172570704
2021_1163_1438,0.3796042658431542
2021_1163_1439,0.660498570361743
2021_1163_1452,0.5283315803118536
2021_1163_1455,0.663548525201964
2021_1163_1457,0.8696768783139053
2021_1163_1458,0.38461050878374
2021_1166_1179,0.6952924632382923
2021_1166_1180,0.8479434899665914
2021_1166_1186,0.9078091396353425
2021_1166_1196,0.570689383600903
2021_1166_1199,0.22723405091060989
2021_1166_1207,0.6994640472675243
2021_1166_1210,0.5495240248951131
2021_1166_1211,0.2783392680173197
2021_1166_1213,0.9009977491075674
2021_1166_1216,0.9202515584733341
2021_1166_1222,0.12065910828815896
2021_1166_1228,0.3630079411768974
2021_1166_1233,0.865528205116641
2021_1166_1234,0.3017641921595948
2021_1166_1242,0.5283315803118536
2021_1166_1251,0.8872154468107037
2021_1166_1260,0.6017935319847083
2021_1166_1261,0.4908511116124715
2021_1166_1268,0.5875658388318477
2021_1166_1276,0.2619026851229277
2021_1166_1277,0.557222772883381
2021_1166_1281,0.6272625742467741
2021_1166_1287,0.8694889715915736
2021_1166_1291,0.9196680159460466
2021_1166_1313,0.9146502612834355
2021_1166_1314,0.6530886424085499
2021_1166_1317,0.8672203155496949
2021_1166_1325,0.8637501797570223
2021_1166_1326,0.4003527834455419
2021_1166_1328,0.6974514811776777
2021_1166_1329,0.5283315803118536
2021_1166_1331,0.905889557447387
2021_1166_1332,0.5528952378388517
2021_1166_1333,0.7013650956072646
2021_1166_1345,0.18589245202687132
2021_1166_1353,0.5606001299048615
2021_1166_1361,0.5791918323509716
2021_1166_1364,0.8515181463035435
2021_1166_1382,0.662441025575212
2021_1166_1393,0.8008622756686115
2021_1166_1397,0.479084656611623
2021_1166_1400,0.4328671924506088
2021_1166_1403,0.7274020518423988
2021_1166_1411,0.8866590810929295
2021_1166_1417,0.6832984202304446
2021_1166_1422,0.8942192627473556
2021_1166_1425,0.5226754001424093
2021_1166_1429,0.6844933009506309
2021_1166_1433,0.7249069365046432
2021_1166_1437,0.4716684196881464
2021_1166_1438,0.47565476897277403
2021_1166_1439,0.5662944626560019
2021_1166_1452,0.4334359426369906
2021_1166_1455,0.6966369225082152
2021_1166_1457,0.8789677851607547
2021_1166_1458,0.5485510592381074
2021_1179_1180,0.8101313584923936
2021_1179_1186,0.9389035608344498
2021_1179_1196,0.4189025724022093
2021_1179_1199,0.3797865708180185
2021_1179_1207,0.913310334207937
2021_1179_1210,0.31494716860235505
2021_1179_1211,0.09594896266707975
2021_1179_1213,0.9352824671929703
2021_1179_1216,0.9504114429180737
2021_1179_1222,0.13900497456212946
2021_1179_1228,0.10888207252448368
2021_1179_1233,0.8243898873203893
2021_1179_1234,0.16025469884772192
2021_1179_1242,0.3365007143339386
2021_1179_1251,0.9230389729845895
2021_1179_1260,0.5013375039705645
2021_1179_1261,0.325797014110914
2021_1179_1268,0.4399377899274661
2021_1179_1276,0.12977353713166673
2021_1179_1277,0.6706752782088818
2021_1179_1281,0.4208530675214438
2021_1179_1287,0.85118549960938
2021_1179_1291,0.9618756297219309
2021_1179_1313,0.9575199255963484
2021_1179_1314,0.39223368239325906
2021_1179_1317,0.8762371691906108
2021_1179_1325,0.8025176628555784
2021_1179_1326,0.21157839855149585
2021_1179_1328,0.5283315803118536
2021_1179_1329,0.3354975941367474
2021_1179_1331,0.9437080569386032
2021_1179_1332,0.43065691830116815
2021_1179_1333,0.8918065862276707
2021_1179_1345,0.3082869010865563
2021_1179_1353,0.2545629758157989
2021_1179_1361,0.49960717048165104
2021_1179_1364,0.7094146365620414
2021_1179_1382,0.4238982168949129
2021_1179_1393,0.49613896054381534
2021_1179_1397,0.4344811524973611
2021_1179_1400,0.39387445802998566
2021_1179_1403,0.8632913551399861
2021_1179_1411,0.8508921388632168
2021_1179_1417,0.613669586512513
2021_1179_1422,0.903144608833357
2021_1179_1425,0.3577879285574851
2021_1179_1429,0.8332294322797172
2021_1179_1433,0.744832667617757
2021_1179_1437,0.26859001660281245
2021_1179_1438,0.33588244082910834
2021_1179_1439,0.3278592384472554
2021_1179_1452,0.47659024176219766
2021_1179_1455,0.6805972785958704
2021_1179_1457,0.8697458928644969
2021_1179_1458,0.2921522631468315
2021_1180_1186,0.9582071544949983
2021_1180_1196,0.21994480820086948
2021_1180_1199,0.15929309902215283
2021_1180_1207,0.3238636852231631
2021_1180_1210,0.15016677927610145
2021_1180_1211,0.042747704737239545
2021_1180_1213,0.9349852843823069
2021_1180_1216,0.9661898685955258
2021_1180_1222,0.09115779041485228
2021_1180_1228,0.04832585537819056
2021_1180_1233,0.1589391955794517
2021_1180_1234,0.10650086452486673
2021_1180_1242,0.17185899032030028
2021_1180_1251,0.9005260712955347
2021_1180_1260,0.2131414326797667
2021_1180_1261,0.17861293377249643
2021_1180_1268,0.261163267524936
2021_1180_1276,0.08384854694792887
2021_1180_1277,0.24336664754220505
2021_1180_1281,0.22919644584187482
2021_1180_1287,0.8843631629015891
2021_1180_1291,0.9867621577165191
2021_1180_1313,0.9818471591020557
2021_1180_1314,0.15937532412105715
2021_1180_1317,0.8610422330867104
2021_1180_1325,0.737820245726823
2021_1180_1326,0.12053632696966665
2021_1180_1328,0.3875472358506522
2021_1180_1329,0.17122001816198607
2021_1180_1331,0.9640703767087206
2021_1180_1332,0.17608028144831112
2021_1180_1333,0.28987642713583905
2021_1180_1345,0.1647062657598668
2021_1180_1353,0.12104576468462858
2021_1180_1361,0.24314222152151843
2021_1180_1364,0.5848242501437613
2021_1180_1382,0.19480588140297073
2021_1180_1393,0.24774853491261506
2021_1180_1397,0.23918140401884025
2021_1180_1400,0.21004793085092954
2021_1180_1403,0.3854124627329216
2021_1180_1411,0.8521818340387146
2021_1180_1417,0.214568488664294
2021_1180_1422,0.9192366010904539
2021_1180_1425,0.14905495512075462
2021_1180_1429,0.3281316489381103
2021_1180_1433,0.3393230591678147
2021_1180_1437,0.14181397655911987
2021_1180_1438,0.13719892272847045
2021_1180_1439,0.16852795226042527
2021_1180_1452,0.2714478510275129
2021_1180_1455,0.22024191060697795
2021_1180_1457,0.8853750993784746
2021_1180_1458,0.11095238822774223
2021_1186_1196,0.08798001392845933
2021_1186_1199,0.059195232845541956
2021_1186_1207,0.13186695613585542
2021_1186_1210,0.07694255403829131
2021_1186_1211,0.03397365904127969
2021_1186_1213,0.22510052441346687
2021_1186_1216,0.5160820434188929
2021_1186_1222,0.04746374597480407
2021_1186_1228,0.02907276994595509
2021_1186_1233,0.040721634852966926
2021_1186_1234,0.06463136844882678
2021_1186_1242,0.0960200641318677
2021_1186_1251,0.3202582897199475
2021_1186_1260,0.035320994443161835
2021_1186_1261,0.0832007470833761
2021_1186_1268,0.09969379508610154
2021_1186_1276,0.04260453326025282
2021_1186_1277,0.09627739914466338
2021_1186_1281,0.10959004290369512
2021_1186_1287,0.04875688919843146
2021_1186_1291,0.8416643966249624
2021_1186_1313,0.753222325704055
2021_1186_1314,0.055886340618827246
2021_1186_1317,0.2542416717136571
2021_1186_1325,0.13132713726973844
2021_1186_1326,0.0729811277935678
2021_1186_1328,0.12459441773105495
2021_1186_1329,0.0937791814876997
2021_1186_1331,0.39846664093815176
2021_1186_1332,0.07572538095647541
2021_1186_1333,0.10637809573634494
2021_1186_1345,0.08070829436619575
2021_1186_1353,0.06285892100122215
2021_1186_1361,0.03751117578915941
2021_1186_1364,0.10309830869619818
2021_1186_1382,0.02851392038804268
2021_1186_1393,0.038420114947186224
2021_1186_1397,0.10424754838349604
2021_1186_1400,0.10520145241241774
2021_1186_1403,0.07325883459740978
2021_1186_1411,0.03577421992270174
2021_1186_1417,0.07424434373031041
2021_1186_1422,0.27544753563255797
2021_1186_1425,0.0628415805915652
2021_1186_1429,0.11540193140145327
2021_1186_1433,0.05865333272345852
2021_1186_1437,0.07501564687823858
2021_1186_1438,0.021820135151908837
2021_1186_1439,0.08102283760910156
2021_1186_1452,0.11893605732789025
2021_1186_1455,0.06682844910886043
2021_1186_1457,0.26753018309620935
2021_1186_1458,0.05277448346107727
2021_1196_1199,0.34968725673803225
2021_1196_1207,0.8624786436952483
2021_1196_1210,0.6948730418825719
2021_1196_1211,0.10878897731606985
2021_1196_1213,0.9076248335559642
2021_1196_1216,0.92839455316818
2021_1196_1222,0.12416798159362852
2021_1196_1228,0.12528894383054823
2021_1196_1233,0.7924804023870262
2021_1196_1234,0.21168715870368926
2021_1196_1242,0.41644634070313
2021_1196_1251,0.8804018934566883
2021_1196_1260,0.38773402956267394
2021_1196_1261,0.7177453043387828
2021_1196_1268,0.7939211760174896
2021_1196_1276,0.15957160984661423
2021_1196_1277,0.6552562095283573
2021_1196_1281,0.8190393862570866
2021_1196_1287,0.8333345329499765
2021_1196_1291,0.9520023800466643
2021_1196_1313,0.9421077034909171
2021_1196_1314,0.42936991245857264
2021_1196_1317,0.8474255681519631
2021_1196_1325,0.7665610240644373
2021_1196_1326,0.27410609081221415
2021_1196_1328,0.8617623244020483
2021_1196_1329,0.41535408984937816
2021_1196_1331,0.9144442548538567
2021_1196_1332,0.41961019069501976
2021_1196_1333,0.832302001813831
2021_1196_1345,0.26872387546597265
2021_1196_1353,0.605813331711077
2021_1196_1361,0.5149061150944158
2021_1196_1364,0.6852511841537421
2021_1196_1382,0.45876102424668574
2021_1196_1393,0.459108178277379
2021_1196_1397,0.43324019165888794
2021_1196_1400,0.48201003546387833
2021_1196_1403,0.8881984810489824
2021_1196_1411,0.812253480932372
2021_1196_1417,0.567696360881744
2021_1196_1422,0.8647593960421867
2021_1196_1425,0.3285086172102638
2021_1196_1429,0.8246622575687547
2021_1196_1433,0.5894343052517919
2021_1196_1437,0.24735357359762744
2021_1196_1438,0.2993997107036577
2021_1196_1439,0.6941322777870469
2021_1196_1452,0.5245104741970672
2021_1196_1455,0.597712485504731
2021_1196_1457,0.8527348218857916
2021_1196_1458,0.37325255147381836
2021_1199_1207,0.9012140090946182
2021_1199_1210,0.7201249836923264
2021_1199_1211,0.1494930679935239
2021_1199_1213,0.9390088607658265
2021_1199_1216,0.9468289329981174
2021_1199_1222,0.2564817460529186
2021_1199_1228,0.20616469969822893
2021_1199_1233,0.8510705013463095
2021_1199_1234,0.363175222053268
2021_1199_1242,0.5283315803118536
2021_1199_1251,0.9259916387833702
2021_1199_1260,0.32646185499114966
2021_1199_1261,0.7513964575928305
2021_1199_1268,0.8658149717245825
2021_1199_1276,0.2873595932295362
2021_1199_1277,0.7003438250301471
2021_1199_1281,0.8733277670665509
2021_1199_1287,0.8803033128720734
2021_1199_1291,0.9598150190681822
2021_1199_1313,0.9565363848187969
2021_1199_1314,0.5241390220679142
2021_1199_1317,0.8960339912805416
2021_1199_1325,0.8318435159601202
2021_1199_1326,0.4450448414803081
2021_1199_1328,0.9042939643331902
2021_1199_1329,0.8158541243483108
2021_1199_1331,0.9394878041764382
2021_1199_1332,0.5141661484407272
2021_1199_1333,0.8909261007514448
2021_1199_1345,0.5584185579836815
2021_1199_1353,0.6930609258331358
2021_1199_1361,0.3427903739570751
2021_1199_1364,0.7482286761888067
2021_1199_1382,0.37965312419836644
2021_1199_1393,0.5451764994591735
2021_1199_1397,0.7075083611218868
2021_1199_1400,0.5283315803118536
2021_1199_1403,0.608792995809126
2021_1199_1411,0.8741608679157338
2021_1199_1417,0.6578014588139279
2021_1199_1422,0.9153043768261051
2021_1199_1425,0.45027387786143425
2021_1199_1429,0.8713731875768918
2021_1199_1433,0.6402778369261903
2021_1199_1437,0.47459884783597117
2021_1199_1438,0.242425494801668
2021_1199_1439,0.7402660485845822
2021_1199_1452,0.5283315803118536
2021_1199_1455,0.7428783635928433
2021_1199_1457,0.8904512309199226
2021_1199_1458,0.4340487590637804
2021_1207_1210,0.12109395061242612
2021_1207_1211,0.11140825342460148
2021_1207_1213,0.8750506996626838
2021_1207_1216,0.8939202996290302
2021_1207_1222,0.0555220858368195
2021_1207_1228,0.156306516609229
2021_1207_1233,0.7151309540502144
2021_1207_1234,0.19285690769533181
2021_1207_1242,0.3829851480592483
2021_1207_1251,0.7894358748474224
2021_1207_1260,0.1010246493290563
2021_1207_1261,0.13043578606076645
2021_1207_1268,0.18200236339636222
2021_1207_1276,0.16400247261346113
2021_1207_1277,0.16837076675358686
2021_1207_1281,0.24190931797933457
2021_1207_1287,0.7319567311789194
2021_1207_1291,0.9207440203727522
2021_1207_1313,0.9123217843320041
2021_1207_1314,0.09865697795885775
2021_1207_1317,0.719519709260616
2021_1207_1325,0.6978855280977779
2021_1207_1326,0.26960316672299256
2021_1207_1328,0.2911043497189125
2021_1207_1329,0.518061220149845
2021_1207_1331,0.8736612698162933
2021_1207_1332,0.11651661435869887
2021_1207_1333,0.6377307002134858
2021_1207_1345,0.12672389950074825
2021_1207_1353,0.10227750330842134
2021_1207_1361,0.13488927268739714
2021_1207_1364,0.6689022535671773
2021_1207_1382,0.1064912163118813
2021_1207_1393,0.14383479343772942
2021_1207_1397,0.2007819256572616
2021_1207_1400,0.2967538397583399
2021_1207_1403,0.24010297827179705
2021_1207_1411,0.80165867730632
2021_1207_1417,0.11829725533878144
2021_1207_1422,0.830046536734216
2021_1207_1425,0.07177911249327384
2021_1207_1429,0.2134889839694678
2021_1207_1433,0.15423079988033783
2021_1207_1437,0.11820293188839914
2021_1207_1438,0.053963450025136916
2021_1207_1439,0.1271929658069152
2021_1207_1452,0.29723748041193465
2021_1207_1455,0.10045893566712283
2021_1207_1457,0.7558661306559619
2021_1207_1458,0.08983306988620665
2021_1210_1211,0.12062075116298498
2021_1210_1213,0.9201457129273056
2021_1210_1216,0.9352480496059555
2021_1210_1222,0.1012262413001781
2021_1210_1228,0.1398311188204583
2021_1210_1233,0.8596087488745764
2021_1210_1234,0.2630643653180077
2021_1210_1242,0.48682927090696115
2021_1210_1251,0.8949062069856295
2021_1210_1260,0.4445090461226634
2021_1210_1261,0.2635789110081511
2021_1210_1268,0.8462343791065181
2021_1210_1276,0.2015338396910793
2021_1210_1277,0.7291368804574266
2021_1210_1281,0.8640444498029232
2021_1210_1287,0.8738182777962764
2021_1210_1291,0.9515702325195632
2021_1210_1313,0.946232490675992
2021_1210_1314,0.2799987541926965
2021_1210_1317,0.8754296575030891
2021_1210_1325,0.839819514330713
2021_1210_1326,0.33420995568331535
2021_1210_1328,0.5177940079865377
2021_1210_1329,0.4857060672467737
2021_1210_1331,0.9252025230965168
2021_1210_1332,0.30476317963982
2021_1210_1333,0.8694029958555234
2021_1210_1345,0.24818179627134052
2021_1210_1353,0.711329427605562
2021_1210_1361,0.4220038504987076
2021_1210_1364,0.776177293338483
2021_1210_1382,0.4557083104321738
2021_1210_1393,0.5760560897541014
2021_1210_1397,0.396473242203502
2021_1210_1400,0.5245873107808374
2021_1210_1403,0.8340585118938686
2021_1210_1411,0.8671359430483896
2021_1210_1417,0.6829502284585064
2021_1210_1422,0.8853693421284311
2021_1210_1425,0.2798768691121384
2021_1210_1429,0.8668513856909544
2021_1210_1433,0.6971429333354017
2021_1210_1437,0.2138318686853088
2021_1210_1438,0.25348429278373885
2021_1210_1439,0.781139350240078
2021_1210_1452,0.5251649788799102
2021_1210_1455,0.7043387348726157
2021_1210_1457,0.8784809663583366
2021_1210_1458,0.4862630075252819
2021_1211_1213,0.9657088787771829
2021_1211_1216,0.9759949263017007
2021_1211_1222,0.8109390619606658
2021_1211_1228,0.6718059730248851
2021_1211_1233,0.9608471606283896
2021_1211_1234,0.5110625780257417
2021_1211_1242,0.712394327134343
2021_1211_1251,0.9618713867910168
2021_1211_1260,0.8899921890022472
2021_1211_1261,0.8630869059024406
2021_1211_1268,0.8662223326384282
2021_1211_1276,0.4716684196881464
2021_1211_1277,0.8747106168715706
2021_1211_1281,0.8232877572818805
2021_1211_1287,0.9644560972464568
2021_1211_1291,0.9767576972690594
2021_1211_1313,0.9752097966426462
2021_1211_1314,0.9045893270025993
2021_1211_1317,0.9615360777072035
2021_1211_1325,0.9531044835162014
2021_1211_1326,0.6217077367789275
2021_1211_1328,0.88307347631761
2021_1211_1329,0.8579510167900817
2021_1211_1331,0.9735076594620633
2021_1211_1332,0.8904910046278909
2021_1211_1333,0.9395314780428133
2021_1211_1345,0.7481971432414024
2021_1211_1353,0.8889700597683393
2021_1211_1361,0.8845260741673203
2021_1211_1364,0.9489855788718844
2021_1211_1382,0.8999053675081573
2021_1211_1393,0.928518700157016
2021_1211_1397,0.795892561064903
2021_1211_1400,0.7735745247198633
2021_1211_1403,0.9094693001572663
2021_1211_1411,0.9697566496155878
2021_1211_1417,0.9068606036503158
2021_1211_1422,0.9697606445228943
2021_1211_1425,0.8746084190317344
2021_1211_1429,0.9256269462086568
2021_1211_1433,0.9266039652443607
2021_1211_1437,0.8679279711602017
2021_1211_1438,0.8650140991788813
2021_1211_1439,0.8834223940485562
2021_1211_1452,0.8443887435006092
2021_1211_1455,0.9346252954007257
2021_1211_1457,0.9623185517745683
2021_1211_1458,0.8843218646722841
2021_1213_1216,0.5627730286105527
2021_1213_1222,0.05008860409045546
2021_1213_1228,0.028081742198967752
2021_1213_1233,0.05963738130931089
2021_1213_1234,0.06575929254354518
2021_1213_1242,0.09042236777051715
2021_1213_1251,0.3702610076194556
2021_1213_1260,0.0475691523539955
2021_1213_1261,0.0863271596647357
2021_1213_1268,0.10337008456988661
2021_1213_1276,0.04352186209000464
2021_1213_1277,0.09984167738508809
2021_1213_1281,0.10329164802542412
2021_1213_1287,0.3095966903807206
2021_1213_1291,0.865739882845849
2021_1213_1313,0.7873480340491601
2021_1213_1314,0.05827947721814908
2021_1213_1317,0.2984628256116414
2021_1213_1325,0.1580145544128413
2021_1213_1326,0.06509705694231394
2021_1213_1328,0.12905731110665764
2021_1213_1329,0.08385154855796673
2021_1213_1331,0.5136374826532613
2021_1213_1332,0.08079450032198898
2021_1213_1333,0.1103621741263161
2021_1213_1345,0.08374960438708245
2021_1213_1353,0.06797371455927403
2021_1213_1361,0.04732195013081564
2021_1213_1364,0.12487388545547973
2021_1213_1382,0.035506771234184775
2021_1213_1393,0.04725463552091591
2021_1213_1397,0.10542328974677961
2021_1213_1400,0.09912720071970837
2021_1213_1403,0.08935988703852504
2021_1213_1411,0.041016894260870455
2021_1213_1417,0.0764597148446734
2021_1213_1422,0.3217656947171684
2021_1213_1425,0.0647404998541824
2021_1213_1429,0.1196787093862065
2021_1213_1433,0.07179301931386473
2021_1213_1437,0.07786061091167684
2021_1213_1438,0.02701348391397318
2021_1213_1439,0.08407491646585341
2021_1213_1452,0.11216819037740655
2021_1213_1455,0.068838992432809
2021_1213_1457,0.31309229247749415
2021_1213_1458,0.05830590491355536
2021_1216_1222,0.04088515583799823
2021_1216_1228,0.025363237892669588
2021_1216_1233,0.029805813254415225
2021_1216_1234,0.045805030765364685
2021_1216_1242,0.07353522151931313
2021_1216_1251,0.22274524102598725
2021_1216_1260,0.03163362829121763
2021_1216_1261,0.06890172494463553
2021_1216_1268,0.08099326591633882
2021_1216_1276,0.03248063636913767
2021_1216_1277,0.07816207989424373
2021_1216_1281,0.0940334964897046
2021_1216_1287,0.21077407093298617
2021_1216_1291,0.7165353123985223
2021_1216_1313,0.47493672795913855
2021_1216_1314,0.05098921409771451
2021_1216_1317,0.17175062441642797
2021_1216_1325,0.09625148746570422
2021_1216_1326,0.04513334745481812
2021_1216_1328,0.10175092881012804
2021_1216_1329,0.0584961555962914
2021_1216_1331,0.494489291470514
2021_1216_1332,0.061851905811022845
2021_1216_1333,0.0837184439096369
2021_1216_1345,0.06657981599857565
2021_1216_1353,0.05300590722285847
2021_1216_1361,0.03146650212393265
2021_1216_1364,0.07416110568895795
2021_1216_1382,0.023512353395045982
2021_1216_1393,0.021461396420912382
2021_1216_1397,0.08477325875364017
2021_1216_1400,0.08664418341506452
2021_1216_1403,0.045123537384567425
2021_1216_1411,0.029313311412782005
2021_1216_1417,0.06260550458847947
2021_1216_1422,0.18780879270360862
2021_1216_1425,0.04734547869976191
2021_1216_1429,0.0897033672697165
2021_1216_1433,0.03937104936858349
2021_1216_1437,0.060632481596373244
2021_1216_1438,0.017835099423948897
2021_1216_1439,0.07031054635128053
2021_1216_1452,0.10286210210943636
2021_1216_1455,0.049368135272447544
2021_1216_1457,0.18105899783227353
2021_1216_1458,0.0463412116995614
2021_1222_1228,0.256213750832027
2021_1222_1233,0.9107656010663291
2021_1222_1234,0.5494796635061071
2021_1222_1242,0.7968075201880751
2021_1222_1251,0.9337309471249217
2021_1222_1260,0.6583802542672084
2021_1222_1261,0.9037668701693746
2021_1222_1268,0.9359103610362647
2021_1222_1276,0.34846721371292444
2021_1222_1277,0.8966449412883438
2021_1222_1281,0.9449086259425549
2021_1222_1287,0.9241261738866184
2021_1222_1291,0.9698167900965903
2021_1222_1313,0.9658995272701848
2021_1222_1314,0.8068632942451611
2021_1222_1317,0.9216251732805087
2021_1222_1325,0.9034567774202397
2021_1222_1326,0.6628838199595151
2021_1222_1328,0.9554617877201538
2021_1222_1329,0.882381952673839
2021_1222_1331,0.9557065684746899
2021_1222_1332,0.8005610386484353
2021_1222_1333,0.9325420051743096
2021_1222_1345,0.807818764443449
2021_1222_1353,0.8645350817554152
2021_1222_1361,0.6683434197973948
2021_1222_1364,0.88714039773131
2021_1222_1382,0.6989081558953864
2021_1222_1393,0.8106094714899734
2021_1222_1397,0.8754955242060428
2021_1222_1400,0.8413687346415896
2021_1222_1403,0.8497851421407052
2021_1222_1411,0.9144712046766479
2021_1222_1417,0.8793868767411512
2021_1222_1422,0.9279572687946955
2021_1222_1425,0.755183499026126
2021_1222_1429,0.9382871392117287
2021_1222_1433,0.8709848815030056
2021_1222_1437,0.7697036050253178
2021_1222_1438,0.4956955731899554
2021_1222_1439,0.8973005437466718
2021_1222_1452,0.8775754464147295
2021_1222_1455,0.8868645675301668
2021_1222_1457,0.9207545555969706
2021_1222_1458,0.7427582354309803
2021_1228_1233,0.9557164033522114
2021_1228_1234,0.4716684196881464
2021_1228_1242,0.5956139715334807
2021_1228_1251,0.9614847726831567
2021_1228_1260,0.8733336364584463
2021_1228_1261,0.8117959744966788
2021_1228_1268,0.8141941025363701
2021_1228_1276,0.4716684196881464
2021_1228_1277,0.8469640446962362
2021_1228_1281,0.75921877394619
2021_1228_1287,0.9611620620971432
2021_1228_1291,0.97718764688848
2021_1228_1313,0.97581825150268
2021_1228_1314,0.8898676951553106
2021_1228_1317,0.9568376233206078
2021_1228_1325,0.9470150433410942
2021_1228_1326,0.4749997691452949
2021_1228_1328,0.8657353201152997
2021_1228_1329,0.5875759577093325
2021_1228_1331,0.9720128055229514
2021_1228_1332,0.8738972853830145
2021_1228_1333,0.9220374762926893
2021_1228_1345,0.6678857623173042
2021_1228_1353,0.8654434175380329
2021_1228_1361,0.8671633291350943
2021_1228_1364,0.9423936203286913
2021_1228_1382,0.8877217344843199
2021_1228_1393,0.9171511492277703
2021_1228_1397,0.7252063524523196
2021_1228_1400,0.6980910924409087
2021_1228_1403,0.8954135798363458
2021_1228_1411,0.9657518148627049
2021_1228_1417,0.8924477567340943
2021_1228_1422,0.9680612984460203
2021_1228_1425,0.8466688196023124
2021_1228_1429,0.9161812881643939
2021_1228_1433,0.9173717246288728
2021_1228_1437,0.826821528591829
2021_1228_1438,0.8178394057948258
2021_1228_1439,0.8681363834194886
2021_1228_1452,0.7859813900749247
2021_1228_1455,0.9204211881542433
2021_1228_1457,0.9573720576150576
2021_1228_1458,0.8669330337835397
2021_1233_1234,0.0995255223762953
2021_1233_1242,0.14718238030304098
2021_1233_1251,0.9084745137109966
2021_1233_1260,0.19756139461606947
2021_1233_1261,0.16654333328891235
2021_1233_1268,0.2451804929221335
2021_1233_1276,0.07707560765503474
2021_1233_1277,0.22813669964189742
2021_1233_1281,0.19825791868639997
2021_1233_1287,0.8934502902000376
2021_1233_1291,0.9859581577436982
2021_1233_1313,0.9840277540311791
2021_1233_1314,0.15133903849999852
2021_1233_1317,0.8716961167710284
2021_1233_1325,0.669000193469101
2021_1233_1326,0.11275773214201779
2021_1233_1328,0.34479499036995664
2021_1233_1329,0.1466189122954934
2021_1233_1331,0.9691434554216956
2021_1233_1332,0.16736937880051495
2021_1233_1333,0.27823981676483134
2021_1233_1345,0.14088197227216426
2021_1233_1353,0.11740914615066655
2021_1233_1361,0.22599906925529267
2021_1233_1364,0.5029015017519166
2021_1233_1382,0.18025908037922145
2021_1233_1393,0.2303820604625294
2021_1233_1397,0.20725745147177066
2021_1233_1400,0.18108694928110114
2021_1233_1403,0.36788166232186226
2021_1233_1411,0.8678418223614774
2021_1233_1417,0.20442595149261056
2021_1233_1422,0.9258131483537374
2021_1233_1425,0.1373417973367259
2021_1233_1429,0.3133569521505969
2021_1233_1433,0.31825001236511796
2021_1233_1437,0.13533549814157353
2021_1233_1438,0.12627918512111735
2021_1233_1439,0.15841751015394923
2021_1233_1452,0.23655628104848803
2021_1233_1455,0.20427759249595323
2021_1233_1457,0.894392201524032
2021_1233_1458,0.10505263008171528
2021_1234_1242,0.7119314395190246
2021_1234_1251,0.9170657215942275
2021_1234_1260,0.783171282273689
2021_1234_1261,0.6626511004515422
2021_1234_1268,0.7192445017361917
2021_1234_1276,0.4404857037054358
2021_1234_1277,0.7159365305856117
2021_1234_1281,0.7516247464973358
2021_1234_1287,0.9090975311705596
2021_1234_1291,0.9549558407838615
2021_1234_1313,0.952027283344219
2021_1234_1314,0.841356906485649
2021_1234_1317,0.9017767491880097
2021_1234_1325,0.8991046582258749
2021_1234_1326,0.6211765069871769
2021_1234_1328,0.805651253146944
2021_1234_1329,0.8576755932081758
2021_1234_1331,0.9495656393078642
2021_1234_1332,0.7769692295953274
2021_1234_1333,0.843586706571888
2021_1234_1345,0.48631349283350855
2021_1234_1353,0.7455375223150134
2021_1234_1361,0.7596589702442219
2021_1234_1364,0.8945854289606026
2021_1234_1382,0.8184000924694809
2021_1234_1393,0.888629014468489
2021_1234_1397,0.6231864470426635
2021_1234_1400,0.6853635916520385
2021_1234_1403,0.8597042125547552
2021_1234_1411,0.9193236707712407
2021_1234_1417,0.8502376713755911
2021_1234_1422,0.9366745175985476
2021_1234_1425,0.7154734515344962
2021_1234_1429,0.8328348353216691
2021_1234_1433,0.8581839772270783
2021_1234_1437,0.6849629828100287
2021_1234_1438,0.6715460138100671
2021_1234_1439,0.7499043921948134
2021_1234_1452,0.711557697058842
2021_1234_1455,0.8405985139382123
2021_1234_1457,0.9107814276446825
2021_1234_1458,0.7587673407614823
2021_1242_1251,0.8810892136021694
2021_1242_1260,0.5761130192094563
2021_1242_1261,0.4716684196881464
2021_1242_1268,0.49651545672330033
2021_1242_1276,0.249370060705018
2021_1242_1277,0.48674988079546216
2021_1242_1281,0.5380863030688409
2021_1242_1287,0.8625490426050488
2021_1242_1291,0.9486896345903361
2021_1242_1313,0.9336241292985324
2021_1242_1314,0.6668819278983363
2021_1242_1317,0.8572405639641536
2021_1242_1325,0.84810091898483
2021_1242_1326,0.38464760264375997
2021_1242_1328,0.6147542547050174
2021_1242_1329,0.6987729029739586
2021_1242_1331,0.9006640955770162
2021_1242_1332,0.5759007776020637
2021_1242_1333,0.6699047213384436
2021_1242_1345,0.4716684196881464
2021_1242_1353,0.5243670230032492
2021_1242_1361,0.5432427057116209
2021_1242_1364,0.8320890121233482
2021_1242_1382,0.6290488795035405
2021_1242_1393,0.8119648238230385
2021_1242_1397,0.4716684196881464
2021_1242_1400,0.4716684196881464
2021_1242_1403,0.6975015789271245
2021_1242_1411,0.88050669743018
2021_1242_1417,0.6811495392057002
2021_1242_1422,0.8884256204115124
2021_1242_1425,0.48618132439154105
2021_1242_1429,0.6521370823618924
2021_1242_1433,0.6948475939635071
2021_1242_1437,0.4716684196881464
2021_1242_1438,0.4716684196881464
2021_1242_1439,0.5301373572338985
2021_1242_1452,0.48707933996439956
2021_1242_1455,0.6649164199771278
2021_1242_1457,0.8724579572807458
2021_1242_1458,0.5420322233355267
2021_1251_1260,0.0878959017770673
2021_1251_1261,0.11194984631391558
2021_1251_1268,0.1333131859305562
2021_1251_1276,0.06733671451642487
2021_1251_1277,0.1289096531528322
2021_1251_1281,0.13523183703919928
2021_1251_1287,0.11489700832583868
2021_1251_1291,0.9130692497183291
2021_1251_1313,0.8731758517655767
2021_1251_1314,0.07076156726330785
2021_1251_1317,0.20617254187024076
2021_1251_1325,0.05872305733424933
2021_1251_1326,0.09419137032266411
2021_1251_1328,0.21173399260918158
2021_1251_1329,0.11871797080927893
2021_1251_1331,0.7155594832629181
2021_1251_1332,0.10004323258856695
2021_1251_1333,0.15350992602595848
2021_1251_1345,0.10869826503603619
2021_1251_1353,0.08649098083134299
2021_1251_1361,0.10256562239641209
2021_1251_1364,0.2509563491206228
2021_1251_1382,0.07924948644162644
2021_1251_1393,0.10487913710909469
2021_1251_1397,0.13816376707020972
2021_1251_1400,0.12996628730236415
2021_1251_1403,0.18818772808439466
2021_1251_1411,0.08013464701355387
2021_1251_1417,0.0930329992108645
2021_1251_1422,0.19674555365816154
2021_1251_1425,0.07849105099200682
2021_1251_1429,0.18485843190763973
2021_1251_1433,0.15448868144020245
2021_1251_1437,0.1023580773519539
2021_1251_1438,0.05354197615585754
2021_1251_1439,0.1101276493768869
2021_1251_1452,0.15956664142570143
2021_1251_1455,0.09130818487172454
2021_1251_1457,0.6037395371317054
2021_1251_1458,0.07079322964695989
2021_1260_1261,0.5244753697616976
2021_1260_1268,0.706796584043318
2021_1260_1276,0.16371023379484506
2021_1260_1277,0.4462123643748277
2021_1260_1281,0.5174689053709206
2021_1260_1287,0.8319006929824929
2021_1260_1291,0.9846500548058277
2021_1260_1313,0.9804293285362661
2021_1260_1314,0.31288669495733235
2021_1260_1317,0.8596635521305352
2021_1260_1325,0.7785667183278742
2021_1260_1326,0.2802247903627566
2021_1260_1328,0.8372991431053829
2021_1260_1329,0.4227893536494427
2021_1260_1331,0.9672533800765425
2021_1260_1332,0.6386837565466945
2021_1260_1333,0.8386619103638244
2021_1260_1345,0.425985390494951
2021_1260_1353,0.40533362526424055
2021_1260_1361,0.9093993490930719
2021_1260_1364,0.6786929113471982
2021_1260_1382,0.13358569578721166
2021_1260_1393,0.46108721241002437
2021_1260_1397,0.5283315803118536
2021_1260_1400,0.48526317183897305
2021_1260_1403,0.9714974975824218
2021_1260_1411,0.8315768380268419
2021_1260_1417,0.5396760551867431
2021_1260_1422,0.8891695153306894
2021_1260_1425,0.6416462392452379
2021_1260_1429,0.8093492321720023
2021_1260_1433,0.5303440092965539
2021_1260_1437,0.46054017052994356
2021_1260_1438,0.7175500089364049
2021_1260_1439,0.5360638443090253
2021_1260_1452,0.5283315803118536
2021_1260_1455,0.585454641490511
2021_1260_1457,0.8524493791023179
2021_1260_1458,0.15694711218366608
2021_1261_1268,0.817253092811238
2021_1261_1276,0.26468386562557
2021_1261_1277,0.7979987707425104
2021_1261_1281,0.8408312392666909
2021_1261_1287,0.8654532202411975
2021_1261_1291,0.9484087987723995
2021_1261_1313,0.9427435817725436
2021_1261_1314,0.6041119835496144
2021_1261_1317,0.8658605655935991
2021_1261_1325,0.8099007770713199
2021_1261_1326,0.41721077091986913
2021_1261_1328,0.8691196348752205
2021_1261_1329,0.5283315803118536
2021_1261_1331,0.919103511203864
2021_1261_1332,0.2717602930624371
2021_1261_1333,0.8554118063053263
2021_1261_1345,0.23357761381944808
2021_1261_1353,0.6704518779643618
2021_1261_1361,0.431080951576273
2021_1261_1364,0.7795281161883694
2021_1261_1382,0.5474943334786337
2021_1261_1393,0.7167394829341976
2021_1261_1397,0.37752472937769344
2021_1261_1400,0.5046355244695566
2021_1261_1403,0.8950073981445998
2021_1261_1411,0.865175892605802
2021_1261_1417,0.7055985613087925
2021_1261_1422,0.8764560318324008
2021_1261_1425,0.2687061622787188
2021_1261_1429,0.8485504731716966
2021_1261_1433,0.6603361029291643
2021_1261_1437,0.20070937736622607
2021_1261_1438,0.23527250187758575
2021_1261_1439,0.7436064050786161
2021_1261_1452,0.5052145698265846
2021_1261_1455,0.6675132061064043
2021_1261_1457,0.8705361295160845
2021_1261_1458,0.516288592303915
2021_1268_1276,0.2427045022539821
2021_1268_1277,0.6617996746227439
2021_1268_1281,0.342673040556543
2021_1268_1287,0.8046337432037255
2021_1268_1291,0.9402951757346265
2021_1268_1313,0.9338011923385101
2021_1268_1314,0.1342563626206602
2021_1268_1317,0.8059745237777369
2021_1268_1325,0.7238266970822256
2021_1268_1326,0.3761782464076099
2021_1268_1328,0.40150666364627563
2021_1268_1329,0.5283315803118536
2021_1268_1331,0.9030189218971072
2021_1268_1332,0.14879449744015105
2021_1268_1333,0.7844603550651411
2021_1268_1345,0.17097536615478426
2021_1268_1353,0.5558626517988916
2021_1268_1361,0.27457223240419637
2021_1268_1364,0.6863518718681667
2021_1268_1382,0.2584959145116943
2021_1268_1393,0.5929035615723772
2021_1268_1397,0.2909903179400287
2021_1268_1400,0.4080653924284574
2021_1268_1403,0.7916891000444233
2021_1268_1411,0.804670329873878
2021_1268_1417,0.5782750207435723
2021_1268_1422,0.8395175011072809
2021_1268_1425,0.16330440929358647
2021_1268_1429,0.7751172218082082
2021_1268_1433,0.5446185440399827
2021_1268_1437,0.14524685122186232
2021_1268_1438,0.12545332814821908
2021_1268_1439,0.6408271378011396
2021_1268_1452,0.40862503476473055
2021_1268_1455,0.5525840548168899
2021_1268_1457,0.8211013052218381
2021_1268_1458,0.10270279061106347
2021_1276_1277,0.7809185516445336
2021_1276_1281,0.7865893636339255
2021_1276_1287,0.9321161358978306
2021_1276_1291,0.9703485577893329
2021_1276_1313,0.9683876330604481
2021_1276_1314,0.8709274215337172
2021_1276_1317,0.9248105562489651
2021_1276_1325,0.9112744793750691
2021_1276_1326,0.6663531262614042
2021_1276_1328,0.8346831751403061
2021_1276_1329,0.8697790081287068
2021_1276_1331,0.9633708903102146
2021_1276_1332,0.8379889728024498
2021_1276_1333,0.8834666907656693
2021_1276_1345,0.5643117994891312
2021_1276_1353,0.8055868586655524
2021_1276_1361,0.8171929785175508
2021_1276_1364,0.9072441164508522
2021_1276_1382,0.8630905124753998
2021_1276_1393,0.9023883228831879
2021_1276_1397,0.6682513837759186
2021_1276_1400,0.7262588341879606
2021_1276_1403,0.8772955577753856
2021_1276_1411,0.9399239029183416
2021_1276_1417,0.8738883127950389
2021_1276_1422,0.9530704762348188
2021_1276_1425,0.7805289320110366
2021_1276_1429,0.8678734225793119
2021_1276_1433,0.8767412309251882
2021_1276_1437,0.754601822091069
2021_1276_1438,0.7430380521490765
2021_1276_1439,0.8091869630844061
2021_1276_1452,0.750288794124131
2021_1276_1455,0.8746186797324067
2021_1276_1457,0.9257107591411238
2021_1276_1458,0.8164632230238986
2021_1277_1281,0.3711255052753637
2021_1277_1287,0.8190448451023087
2021_1277_1291,0.9469230344362645
2021_1277_1313,0.93645016481568
2021_1277_1314,0.3064981926664043
2021_1277_1317,0.8203088104704221
2021_1277_1325,0.7504150398954144
2021_1277_1326,0.35812833815112544
2021_1277_1328,0.46759465506033815
2021_1277_1329,0.5121267915387697
2021_1277_1331,0.9063520257252969
2021_1277_1332,0.35158574020580435
2021_1277_1333,0.7999896407130318
2021_1277_1345,0.18927667642238633
2021_1277_1353,0.2217701769569358
2021_1277_1361,0.5310388969873627
2021_1277_1364,0.7274155032896175
2021_1277_1382,0.4605512502122586
2021_1277_1393,0.6775986578213626
2021_1277_1397,0.3178010500394085
2021_1277_1400,0.4383268208703486
2021_1277_1403,0.8863044772875192
2021_1277_1411,0.8339901455658382
2021_1277_1417,0.6407038681741278
2021_1277_1422,0.8585669279015119
2021_1277_1425,0.28121691022899264
2021_1277_1429,0.7911404395467428
2021_1277_1433,0.7816117653000878
2021_1277_1437,0.1847907220040751
2021_1277_1438,0.24925076699386972
2021_1277_1439,0.28075797589869
2021_1277_1452,0.4388971930679447
2021_1277_1455,0.5757853383639615
2021_1277_1457,0.8345474618182204
2021_1277_1458,0.22653377748307402
2021_1281_1287,0.814777165909338
2021_1281_1291,0.9287852869746288
2021_1281_1313,0.9211443826460803
2021_1281_1314,0.12498474338580501
2021_1281_1317,0.8073531686440119
2021_1281_1325,0.7957805364134578
2021_1281_1326,0.3379639280301504
2021_1281_1328,0.3622133197460923
2021_1281_1329,0.5283315803118536
2021_1281_1331,0.8892916676843265
2021_1281_1332,0.14059656788117925
2021_1281_1333,0.7173291138555324
2021_1281_1345,0.14863976263407586
2021_1281_1353,0.4716684196881464
2021_1281_1361,0.4182742143674739
2021_1281_1364,0.7757119972115268
2021_1281_1382,0.5420215438285324
2021_1281_1393,0.7312168471047268
2021_1281_1397,0.25785284766898575
2021_1281_1400,0.36852541401732297
2021_1281_1403,0.8747409306205092
2021_1281_1411,0.8641180241634548
2021_1281_1417,0.5934110373357927
2021_1281_1422,0.872966344444897
2021_1281_1425,0.15241309150771232
2021_1281_1429,0.7061659867559997
2021_1281_1433,0.6137792250940123
2021_1281_1437,0.13276331863992474
2021_1281_1438,0.11654979225894824
2021_1281_1439,0.5543731966280938
2021_1281_1452,0.3690646392071404
2021_1281_1455,0.5806948093312752
2021_1281_1457,0.8444752995693191
2021_1281_1458,0.4716684196881464
2021_1287_1291,0.9083925777890884
2021_1287_1313,0.8751064303296343
2021_1287_1314,0.1197613846810881
2021_1287_1317,0.8405810637438981
2021_1287_1325,0.6046606871412323
2021_1287_1326,0.10935573011258704
2021_1287_1328,0.30944870170092564
2021_1287_1329,0.1372327610899945
2021_1287_1331,0.7673573133004106
2021_1287_1332,0.13297098965455034
2021_1287_1333,0.22250630857270481
2021_1287_1345,0.13073549309048704
2021_1287_1353,0.10604110962026625
2021_1287_1361,0.19331778771103003
2021_1287_1364,0.43360999755833685
2021_1287_1382,0.15288565577956204
2021_1287_1393,0.19403528101391576
2021_1287_1397,0.19377367355183828
2021_1287_1400,0.168942929581807
2021_1287_1403,0.32231170238036233
2021_1287_1411,0.1423248656797001
2021_1287_1417,0.1639108346708349
2021_1287_1422,0.9064130368302135
2021_1287_1425,0.11556682056525625
2021_1287_1429,0.24765742600133178
2021_1287_1433,0.27700276081829345
2021_1287_1437,0.12198246271915802
2021_1287_1438,0.10604253737912217
2021_1287_1439,0.1327351529798494
2021_1287_1452,0.22169944655949703
2021_1287_1455,0.17403114671190645
2021_1287_1457,0.8679473866220857
2021_1287_1458,0.08219744922544336
2021_1291_1313,0.18313659751081562
2021_1291_1314,0.03251013584450224
2021_1291_1317,0.06501488813668288
2021_1291_1325,0.03824024533372983
2021_1291_1326,0.03177601553000231
2021_1291_1328,0.06923583365329489
2021_1291_1329,0.04972748809141381
2021_1291_1331,0.17613450416351106
2021_1291_1332,0.04305245131998503
2021_1291_1333,0.061644385750820097
2021_1291_1345,0.04982142328988093
2021_1291_1353,0.039519465561637546
2021_1291_1361,0.019152096750300274
2021_1291_1364,0.02903608639201749
2021_1291_1382,0.01631588566473019
2021_1291_1393,0.01390941512505961
2021_1291_1397,0.06268058613401872
2021_1291_1400,0.0699578465789994
2021_1291_1403,0.01600997255080472
2021_1291_1411,0.022277553688851478
2021_1291_1417,0.04312277339964243
2021_1291_1422,0.06066009161259023
2021_1291_1425,0.035240823229832574
2021_1291_1429,0.06410619199334233
2021_1291_1433,0.02613089152175363
2021_1291_1437,0.04066221390643787
2021_1291_1438,0.013385781870738356
2021_1291_1439,0.05266609776201958
2021_1291_1452,0.07001960418579012
2021_1291_1455,0.038550889741094774
2021_1291_1457,0.06864819417613999
2021_1291_1458,0.029409384167557118
2021_1313_1314,0.03833074364483868
2021_1313_1317,0.09403941082779532
2021_1313_1325,0.053272279653609145
2021_1313_1326,0.04061795708535476
2021_1313_1328,0.08312645624978177
2021_1313_1329,0.052717684757037975
2021_1313_1331,0.2713137295022753
2021_1313_1332,0.048472217911574966
2021_1313_1333,0.06833400040206061
2021_1313_1345,0.05530363370632574
2021_1313_1353,0.043920476067780045
2021_1313_1361,0.023556649411470842
2021_1313_1364,0.040602761558126366
2021_1313_1382,0.018253214693776165
2021_1313_1393,0.015660243962154152
2021_1313_1397,0.06947432321876601
2021_1313_1400,0.08179598129362908
2021_1313_1403,0.022832781188958262
2021_1313_1411,0.028290809262230272
2021_1313_1417,0.04916500192333828
2021_1313_1422,0.1032897511651889
2021_1313_1425,0.04123935870633588
2021_1313_1429,0.07372131625053002
2021_1313_1433,0.029199049128584398
2021_1313_1437,0.04912272952515795
2021_1313_1438,0.01498049224692699
2021_1313_1439,0.058442075480865885
2021_1313_1452,0.08405327261482098
2021_1313_1455,0.043012932416688465
2021_1313_1457,0.09854723580806202
2021_1313_1458,0.034694742329730244
2021_1314_1317,0.8910384772782637
2021_1314_1325,0.824368240161438
2021_1314_1326,0.20905585735483134
2021_1314_1328,0.8975415471760935
2021_1314_1329,0.3321199881624032
2021_1314_1331,0.9395096963060577
2021_1314_1332,0.5296296318373143
2021_1314_1333,0.8881026346734293
2021_1314_1345,0.37333181342872235
2021_1314_1353,0.692930324666812
2021_1314_1361,0.6670754405493172
2021_1314_1364,0.7382061710994369
2021_1314_1382,0.3673639284868041
2021_1314_1393,0.5321253373071332
2021_1314_1397,0.49820244578575956
2021_1314_1400,0.39652389620374273
2021_1314_1403,0.9324034278291569
2021_1314_1411,0.8694609408885101
2021_1314_1417,0.6458828852579824
2021_1314_1422,0.9130503748940036
2021_1314_1425,0.4523562042828658
2021_1314_1429,0.8713043688383375
2021_1314_1433,0.6389832466448621
2021_1314_1437,0.3580357834480198
2021_1314_1438,0.4257880008809083
2021_1314_1439,0.7401480022238449
2021_1314_1452,0.5021325503111251
2021_1314_1455,0.7427610919313422
2021_1314_1457,0.8852218296521476
2021_1314_1458,0.40698361218545265
2021_1317_1325,0.08353218620446384
2021_1317_1326,0.11130372093935981
2021_1317_1328,0.3076243132554116
2021_1317_1329,0.1422100771037461
2021_1317_1331,0.7766191354100205
2021_1317_1332,0.12388238292173859
2021_1317_1333,0.21776337660417278
2021_1317_1345,0.13033794879520588
2021_1317_1353,0.09696251504326936
2021_1317_1361,0.16220199340420882
2021_1317_1364,0.34793734819937894
2021_1317_1382,0.127251099559063
2021_1317_1393,0.16561245189459295
2021_1317_1397,0.20145565992755043
2021_1317_1400,0.1758552402117538
2021_1317_1403,0.27882601415839137
2021_1317_1411,0.14380390647938635
2021_1317_1417,0.14804099063945053
2021_1317_1422,0.3207580995006482
2021_1317_1425,0.09548426183292757
2021_1317_1429,0.258230396090136
2021_1317_1433,0.2363640209862493
2021_1317_1437,0.12160781131968246
2021_1317_1438,0.08745140407729668
2021_1317_1439,0.13081838849131588
2021_1317_1452,0.2301724577098745
2021_1317_1455,0.14545990065774095
2021_1317_1457,0.7666365165913234
2021_1317_1458,0.07815542665750974
2021_1325_1326,0.11428655851691005
2021_1325_1328,0.3532215721009112
2021_1325_1329,0.15132075976321702
2021_1325_1331,0.886208274952424
2021_1325_1332,0.20045379042902023
2021_1325_1333,0.3227111098912768
2021_1325_1345,0.1454311973122463
2021_1325_1353,0.12611568219529945
2021_1325_1361,0.2522270720701698
2021_1325_1364,0.5352244740869009
2021_1325_1382,0.2025680552041439
2021_1325_1393,0.2569498615197391
2021_1325_1397,0.2134175740830614
2021_1325_1400,0.18665237408896018
2021_1325_1403,0.4050523157556545
2021_1325_1411,0.5212338385622913
2021_1325_1417,0.23238653597714032
2021_1325_1422,0.6556028624178544
2021_1325_1425,0.15534585832399828
2021_1325_1429,0.36294833947682625
2021_1325_1433,0.3503381580875631
2021_1325_1437,0.1513698963125042
2021_1325_1438,0.14307357151066147
2021_1325_1439,0.17959384633332087
2021_1325_1452,0.2433199405655999
2021_1325_1455,0.22872969319043668
2021_1325_1457,0.93186314814103
2021_1325_1458,0.11991355612384835
2021_1326_1328,0.7285110107226379
2021_1326_1329,0.7959548759346964
2021_1326_1331,0.9345894415121041
2021_1326_1332,0.7222821586047653
2021_1326_1333,0.793190283378051
2021_1326_1345,0.4716684196881464
2021_1326_1353,0.6756945321722442
2021_1326_1361,0.6920911538472962
2021_1326_1364,0.8806740073655358
2021_1326_1382,0.7621763488771042
2021_1326_1393,0.874619490559729
2021_1326_1397,0.5170383107496831
2021_1326_1400,0.5850686681096299
2021_1326_1403,0.8133518617975034
2021_1326_1411,0.9053341975261029
2021_1326_1417,0.801479895656372
2021_1326_1422,0.9168936446508964
2021_1326_1425,0.6413483279360717
2021_1326_1429,0.7798781034559792
2021_1326_1433,0.8114395196122998
2021_1326_1437,0.6072525064690174
2021_1326_1438,0.5924949276066575
2021_1326_1439,0.6807467310503024
2021_1326_1452,0.6149211277008928
2021_1326_1455,0.7894795637258365
2021_1326_1457,0.8987654987365602
2021_1326_1458,0.6910508025445944
2021_1328_1329,0.47392586619408905
2021_1328_1331,0.8787045721078823
2021_1328_1332,0.1066420926563919
2021_1328_1333,0.6635239428994215
2021_1328_1345,0.12715767699011393
2021_1328_1353,0.4716684196881464
2021_1328_1361,0.1833185880585625
2021_1328_1364,0.6190765204610478
2021_1328_1382,0.4716684196881464
2021_1328_1393,0.5185879886894497
2021_1328_1397,0.20231970207657457
2021_1328_1400,0.2987518962518544
2021_1328_1403,0.551145317805791
2021_1328_1411,0.7536650060327632
2021_1328_1417,0.4716684196881464
2021_1328_1422,0.7870977306174671
2021_1328_1425,0.11439897940359944
2021_1328_1429,0.6512689647046954
2021_1328_1433,0.4716684196881464
2021_1328_1437,0.11861150361763662
2021_1328_1438,0.09237232281201124
2021_1328_1439,0.49153649125555293
2021_1328_1452,0.2992374076634877
2021_1328_1455,0.4716684196881464
2021_1328_1457,0.7184307569018702
2021_1328_1458,0.4716684196881464
2021_1329_1331,0.9157527689906857
2021_1329_1332,0.5802492262868634
2021_1329_1333,0.6708982179209696
2021_1329_1345,0.4716684196881464
2021_1329_1353,0.5254882806538891
2021_1329_1361,0.544358131376129
2021_1329_1364,0.8327162706792397
2021_1329_1382,0.6300974432332659
2021_1329_1393,0.81265033295653
2021_1329_1397,0.4716684196881464
2021_1329_1400,0.22664233586123783
2021_1329_1403,0.6984494046488211
2021_1329_1411,0.880700329683839
2021_1329_1417,0.6821252511066656
2021_1329_1422,0.8935414852159391
2021_1329_1425,0.4873045857276595
2021_1329_1429,0.6531563675820643
2021_1329_1433,0.6958001087307477
2021_1329_1437,0.4716684196881464
2021_1329_1438,0.4716684196881464
2021_1329_1439,0.5312571718962796
2021_1329_1452,0.22704860242927039
2021_1329_1455,0.6659174427650282
2021_1329_1457,0.8726627458828662
2021_1329_1458,0.5431481190968716
2021_1331_1332,0.07266862726082601
2021_1331_1333,0.10018555382796968
2021_1331_1345,0.07846715690931527
2021_1331_1353,0.06266201709763397
2021_1331_1361,0.03257381141593074
2021_1331_1364,0.08894619633959189
2021_1331_1382,0.02438865467784357
2021_1331_1393,0.03103259950195536
2021_1331_1397,0.10142488072993339
2021_1331_1400,0.10879619280236319
2021_1331_1403,0.06291540638039606
2021_1331_1411,0.035720295743327815
2021_1331_1417,0.07354368478367634
2021_1331_1422,0.24285090145782606
2021_1331_1425,0.056468041722190554
2021_1331_1429,0.10773592751114425
2021_1331_1433,0.0502602206162166
2021_1331_1437,0.07292004607579994
2021_1331_1438,0.020038327540447654
2021_1331_1439,0.07877371424321922
2021_1331_1452,0.12259090807235973
2021_1331_1455,0.06007647409249284
2021_1331_1457,0.2355658748077335
2021_1331_1458,0.05487221734881831
2021_1332_1333,0.8693947875920194
2021_1332_1345,0.3983856807511609
2021_1332_1353,0.6668793721866489
2021_1332_1361,0.7459356651296607
2021_1332_1364,0.7055562789619765
2021_1332_1382,0.37564605263412515
2021_1332_1393,0.5178432735771058
2021_1332_1397,0.5283315803118536
2021_1332_1400,0.5000744575839755
2021_1332_1403,0.9528567130579797
2021_1332_1411,0.8552580406439529
2021_1332_1417,0.6078355950763813
2021_1332_1422,0.882079873898527
2021_1332_1425,0.46227093235656747
2021_1332_1429,0.8572691117272608
2021_1332_1433,0.6109253633268575
2021_1332_1437,0.36990410449015054
2021_1332_1438,0.42630815061102656
2021_1332_1439,0.7164637501428984
2021_1332_1452,0.5283315803118536
2021_1332_1455,0.6854536051493587
2021_1332_1457,0.8676191370503024
2021_1332_1458,0.3803508517004311
2021_1333_1345,0.13660010493907027
2021_1333_1353,0.11048953796837357
2021_1333_1361,0.1925851494512294
2021_1333_1364,0.6027400879019718
2021_1333_1382,0.1495011630293367
2021_1333_1393,0.132624223758535
2021_1333_1397,0.23677801460342662
2021_1333_1400,0.3425805542467768
2021_1333_1403,0.3264993982845792
2021_1333_1411,0.7544521010283327
2021_1333_1417,0.13207856138649243
2021_1333_1422,0.820736196755268
2021_1333_1425,0.10127053387774854
2021_1333_1429,0.25345173306170865
2021_1333_1433,0.2615642419381087
2021_1333_1437,0.12751202330308853
2021_1333_1438,0.08048801958929541
2021_1333_1439,0.13709998864350859
2021_1333_1452,0.3431024433333624
2021_1333_1455,0.14338240485891374
2021_1333_1457,0.7806873238371883
2021_1333_1458,0.09966426958744401
2021_1345_1353,0.688070320572014
2021_1345_1361,0.5542799676125529
2021_1345_1364,0.8391093448554071
2021_1345_1382,0.6408946511403715
2021_1345_1393,0.781938394253985
2021_1345_1397,0.757883091289323
2021_1345_1400,0.5283315803118536
2021_1345_1403,0.7068435698859017
2021_1345_1411,0.8826918681663652
2021_1345_1417,0.7140102578274862
2021_1345_1422,0.8904839896453894
2021_1345_1425,0.5329179538671852
2021_1345_1429,0.8586546819869068
2021_1345_1433,0.7055756342366104
2021_1345_1437,0.5746422235129303
2021_1345_1438,0.4716684196881464
2021_1345_1439,0.758721305876417
2021_1345_1452,0.5283315803118536
2021_1345_1455,0.6852149929503641
2021_1345_1457,0.8747693813302088
2021_1345_1458,0.5264793598658838
2021_1353_1361,0.5723924909897528
2021_1353_1364,0.841996091067209
2021_1353_1382,0.5022950101390351
2021_1353_1393,0.6771575625007029
2021_1353_1397,0.47428219766252433
2021_1353_1400,0.5283315803118536
2021_1353_1403,0.902105426132913
2021_1353_1411,0.8882067046619259
2021_1353_1417,0.7469097182376493
2021_1353_1422,0.9032919834172771
2021_1353_1425,0.35094719106638295
2021_1353_1429,0.9010008097066349
2021_1353_1433,0.7722351990535437
2021_1353_1437,0.27194814292045
2021_1353_1438,0.29462447309355644
2021_1353_1439,0.8297985170042925
2021_1353_1452,0.5283315803118536
2021_1353_1455,0.7938401317807949
2021_1353_1457,0.8965496429919553
2021_1353_1458,0.22582788806187903
2021_1361_1364,0.6404246391684991
2021_1361_1382,0.14455655513983817
2021_1361_1393,0.4180509506966773
2021_1361_1397,0.5283315803118536
2021_1361_1400,0.5186085444487649
2021_1361_1403,0.4825724911740096
2021_1361_1411,0.8063210835329387
2021_1361_1417,0.5447422979705648
2021_1361_1422,0.8778569651317726
2021_1361_1425,0.1575556767109943
2021_1361_1429,0.7739552112712339
2021_1361_1433,0.5228319511999373
2021_1361_1437,0.47898156798022173
2021_1361_1438,0.719380351294598
2021_1361_1439,0.5587713588060993
2021_1361_1452,0.5283315803118536
2021_1361_1455,0.5604500087938324
2021_1361_1457,0.8296825007765251
2021_1361_1458,0.14372163889708664
2021_1364_1382,0.2971808631584165
2021_1364_1393,0.3653261742778984
2021_1364_1397,0.23412407512075184
2021_1364_1400,0.20544027189295255
2021_1364_1403,0.5371525931776313
2021_1364_1411,0.5885207379213552
2021_1364_1417,0.33507445955669934
2021_1364_1422,0.7090285461684246
2021_1364_1425,0.23438554309795978
2021_1364_1429,0.4552415243606647
2021_1364_1433,0.47302840573338734
2021_1364_1437,0.1694929261036917
2021_1364_1438,0.21747683988289923
2021_1364_1439,0.24822181046019098
2021_1364_1452,0.26594675354079356
2021_1364_1455,0.330497445142242
2021_1364_1457,0.6324704883248814
2021_1364_1458,0.1848711517069931
2021_1382_1393,0.4881950464444687
2021_1382_1397,0.4718293116170358
2021_1382_1400,0.4303885489773337
2021_1382_1403,0.9620331417808308
2021_1382_1411,0.8468144022669122
2021_1382_1417,0.618849750294576
2021_1382_1422,0.9051532544925954
2021_1382_1425,0.5978457048347705
2021_1382_1429,0.82288256428004
2021_1382_1433,0.5978731507111165
2021_1382_1437,0.37872274061056554
2021_1382_1438,0.5996404893497362
2021_1382_1439,0.6268241432560938
2021_1382_1452,0.5142664517524252
2021_1382_1455,0.63371979228754
2021_1382_1457,0.8661026244103809
2021_1382_1458,0.18208600477112633
2021_1393_1397,0.31729324719317564
2021_1393_1400,0.23522864860179038
2021_1393_1403,0.8590795730406424
2021_1393_1411,0.8024048852080277
2021_1393_1417,0.44118607678084604
2021_1393_1422,0.8751632816618659
2021_1393_1425,0.4315023832368905
2021_1393_1429,0.7470643986126029
2021_1393_1433,0.738078618398586
2021_1393_1437,0.2457872520755685
2021_1393_1438,0.4079506209602821
2021_1393_1439,0.4235521502852214
2021_1393_1452,0.3207083330684307
2021_1393_1455,0.6340141982347881
2021_1393_1457,0.826136816878407
2021_1393_1458,0.35992266050817434
2021_1397_1400,0.5164074100897684
2021_1397_1403,0.5913003799388766
2021_1397_1411,0.8603012384612719
2021_1397_1417,0.5454933165987847
2021_1397_1422,0.8704155418480553
2021_1397_1425,0.4716684196881464
2021_1397_1429,0.7532478044482259
2021_1397_1433,0.6004990079138192
2021_1397_1437,0.4716684196881464
2021_1397_1438,0.42731293581679675
2021_1397_1439,0.6124282162769457
2021_1397_1452,0.5169858658711226
2021_1397_1455,0.5670793798029232
2021_1397_1457,0.837021235826632
2021_1397_1458,0.4716684196881464
2021_1400_1403,0.6428042098368967
2021_1400_1411,0.8694050655476919
2021_1400_1417,0.6250847059241142
2021_1400_1422,0.8779577297120228
2021_1400_1425,0.4716684196881464
2021_1400_1429,0.6450610661398425
2021_1400_1433,0.639918075794288
2021_1400_1437,0.4716684196881464
2021_1400_1438,0.4716684196881464
2021_1400_1439,0.4847347960119086
2021_1400_1452,0.5827841056262169
2021_1400_1455,0.6076414161321368
2021_1400_1457,0.858597933160949
2021_1400_1458,0.4801739075329492
2021_1403_1411,0.672402682213065
2021_1403_1417,0.15729265299072906
2021_1403_1422,0.7798998441574305
2021_1403_1425,0.028531187313045624
2021_1403_1429,0.510847320551757
2021_1403_1433,0.15238389652061346
2021_1403_1437,0.32163951480275543
2021_1403_1438,0.34672069997465027
2021_1403_1439,0.15537595536201176
2021_1403_1452,0.4377721172283373
2021_1403_1455,0.18357017859844982
2021_1403_1457,0.7060280629049043
2021_1403_1458,0.03298661187256516
2021_1411_1417,0.17735156494262438
2021_1411_1422,0.8724198293670675
2021_1411_1425,0.11580355649072416
2021_1411_1429,0.28396018847875926
2021_1411_1433,0.2774664472167324
2021_1411_1437,0.11990459824174471
2021_1411_1438,0.10626210713658268
2021_1411_1439,0.14248184855978208
2021_1411_1452,0.16139152568186976
2021_1411_1455,0.17436403447004645
2021_1411_1457,0.8484482794317756
2021_1411_1458,0.08844591202423358
2021_1417_1422,0.8890575967693134
2021_1417_1425,0.32124940173045535
2021_1417_1429,0.8245179491966084
2021_1417_1433,0.712355436021353
2021_1417_1437,0.2620436425536846
2021_1417_1438,0.2985661605312606
2021_1417_1439,0.3305418536008795
2021_1417_1452,0.468093932588572
2021_1417_1455,0.6670982965461393
2021_1417_1457,0.844420452717277
2021_1417_1458,0.2596070865549973
2021_1422_1425,0.08674878899852245
2021_1422_1429,0.20819041111651426
2021_1422_1433,0.18196743145107175
2021_1422_1437,0.11187430366162998
2021_1422_1438,0.06479804328774375
2021_1422_1439,0.12044875493335105
2021_1422_1452,0.13763733676339363
2021_1422_1455,0.10899779255661002
2021_1422_1457,0.6656828850149519
2021_1422_1458,0.08364395791009782
2021_1425_1429,0.8580185922109094
2021_1425_1433,0.6617481174771906
2021_1425_1437,0.4209194641322861
2021_1425_1438,0.5750650044214954
2021_1425_1439,0.7168689487825276
2021_1425_1452,0.5283315803118536
2021_1425_1455,0.696434384066979
2021_1425_1457,0.8993372634586514
2021_1425_1458,0.456149601758877
2021_1429_1433,0.3078577678791019
2021_1429_1437,0.13001237254880316
2021_1429_1438,0.1253944708655348
2021_1429_1439,0.14260391637872005
2021_1429_1452,0.3554694700270443
2021_1429_1455,0.5004841175310104
2021_1429_1457,0.7472519734456516
2021_1429_1458,0.08861151057068573
2021_1433_1437,0.2810369719567992
2021_1433_1438,0.316952176239101
2021_1433_1439,0.28467603925161716
2021_1433_1452,0.4408627847177017
2021_1433_1455,0.32724244318388085
2021_1433_1457,0.7529042768882211
2021_1433_1458,0.2710858977221763
2021_1437_1438,0.5799941351850485
2021_1437_1439,0.792379650651886
2021_1437_1452,0.5283315803118536
2021_1437_1455,0.7254164610069771
2021_1437_1457,0.8815876753911351
2021_1437_1458,0.556371531271948
2021_1438_1439,0.7521177210791318
2021_1438_1452,0.5283315803118536
2021_1438_1455,0.7470469145303925
2021_1438_1457,0.9077613476701616
2021_1438_1458,0.3987358112191277
2021_1439_1452,0.5158437450967079
2021_1439_1455,0.6739380558648185
2021_1439_1457,0.8727722132947864
2021_1439_1458,0.18771838205449032
2021_1452_1455,0.5249944976624397
2021_1452_1457,0.8125013631757774
2021_1452_1458,0.4716684196881464
2021_1455_1457,0.8471093902619988
2021_1455_1458,0.1856487283053998
2021_1457_1458,0.07720326595539573
